{
    "$schema": "https://schema.management.azure.com/schemas/2019-04-01/deploymentParameters.json#",
    "contentVersion": "1.0.0.0",
    "parameters": {
        "registryLocation": {
            "value": "westeurope"
        },
        "registryName": {
            "value": "acrkamilpo1"
        },
        "registrySku": {
            "value": "Basic"
        },
        "adminUserEnabled": {
            "value": true 
        },
        "publicNetworkAccess": {
            "value": "Enabled"
        }
    }
}