{
    "$schema": "https://schema.management.azure.com/schemas/2019-04-01/deploymentTemplate.json#",
    "contentVersion": "1.0.0.0",
    "parameters": {
        "workloadName": {
            "type": "string",
            "metadata": {
                "description": "Required. Name of the container instance."
            }
        },
        "location": {
            "type": "string",
            "defaultValue": "[resourceGroup().location]",
            "metadata": {
                "strongType": "location",
                "description": "Optional. Location for all resources."
            }
        },
        "osType": {
            "type": "string",
            "defaultValue": "Linux",
            "allowedValues": [
                "Linux",
                "Windows"
            ],
            "metadata": {
                "description": "Optional. Container operating system."
            }
        },
        "containerRegistryResourceId": {
            "type": "string",
            "metadata": {
                "strongType": "Microsoft.ContainerRegistry/registries",
                "description": "Azure container registey resource id."
            }
        },
        "repositoryNameAndTag": {
            "type": "string",
            "metadata": {
                "description": "Required. The name of the Azure Container Instances resource. This will be its identifier in Azure and can be different from the image name."
            }
        },
        "numberCpuCores": {
            "type": "int",
            "defaultValue": 1,
            "metadata": {
                "description": "Optional. Number of processor cores."
            }
        },
        "memory": {
            "type": "string",
            "defaultValue": "1",
            "metadata": {
                "description": "Optional. RAM memory in GB."
            }
        },
        "restartPolicy": {
            "type": "string",
            "defaultValue": "Always",
            "allowedValues": [
                "OnFailure",
                "Always",
                "Never"
            ],
            "metadata": {
                "description": "Optional. Determines when your container should restart."
            }
        },
        "ipAddressType": {
            "type": "string",
            "defaultValue": "Private",
            "allowedValues": [
                "Private",
                "Public"
            ],
            "metadata": {
                "description": "Required. The password to access the images in your image registry."
            }
        },
        "ports": {
            "defaultValue": [
                {
                    "port": "80",
                    "protocol": "TCP"
                }
            ],
            "type": "array",
            "metadata": {
                "description": "Optional. At least one port is required when a public IP address is included."
            }
        },

        "environment": {
            "type": "string",
            "allowedValues": [
                "dev",
                "prod"
            ],
            "metadata": {
                "description": "description"
            }
        }
    },
    "variables": {
        "containerName": "[concat('aci-', parameters('workloadName'), '-', toLower(parameters('environment')))]",
        "imageRegistryLoginServer": "[concat(split(parameters('containerRegistryResourceId'), '/')[8],'.azurecr.io')]",
        "imageName": "[concat(variables('imageRegistryLoginServer'),'/', parameters('repositoryNameAndTag'))]"
    },
    "resources": [
        {
            "location": "[parameters('location')]",
            "name": "[variables('containerName')]",
            "type": "Microsoft.ContainerInstance/containerGroups",
            "apiVersion": "2019-12-01",
            "properties": {
                "containers": [
                    {
                        "name": "[parameters('workloadName')]",
                        "properties": {
                            "image": "[variables('imageName')]",
                            "ports": "[parameters('ports')]",
                            "resources": {
                                "requests": {
                                    "cpu": "[int(parameters('numberCpuCores'))]",
                                    "memoryInGB": "[float(parameters('memory'))]"
                                }
                            }
                        }
                    }
                ],
                "restartPolicy": "[parameters('restartPolicy')]",
                "osType": "[parameters('osType')]",
                "imageRegistryCredentials": [
                    {
                        "server": "[variables('imageRegistryLoginServer')]",
                        "username": "[listCredentials(parameters('containerRegistryResourceId'),'2019-05-01').username]",
                        "password": "[listCredentials(parameters('containerRegistryResourceId'),'2019-05-01').passwords[0].value]"
                    }
                ],
                "ipAddress": {
                    "type": "[parameters('ipAddressType')]",
                    "ports": "[parameters('ports')]"
                }
            },
            "tags": {}
        }
    ],
    "outputs": {
    }
}