{
    "$schema": "https://schema.management.azure.com/schemas/2015-01-01/deploymentTemplate.json#",
    "contentVersion": "1.0.0.0",
    "parameters": {
        "registryLocation": {
            "type": "string",
            "defaultValue": "[resourceGroup().location]",
            "metadata": {
                "strongType": "location",
                "description": "Optional. Location for all resources."
            }
        },
        "registryName": {
            "type": "string",
            "metadata": {
                "description": "Required. Name of the container registry."
            }
        },
        "registrySku": {
            "type": "string",
            "defaultValue": "Basic",
            "allowedValues": [
                "Basic",
                "Standard",
                "Premium"
            ],
            "metadata": {
                "description": "Optional. SKU tier of registry service."
            }
        },
        "adminUserEnabled": {
            "type": "bool",
            "metadata": {
                "description": "Required. If enabled, you can use the registry name as username and admin user access key as password to docker login to your container registry."
            }
        },
        "publicNetworkAccess": {
            "type": "string",
            "defaultValue": "Enabled",
            "allowedValues": [
                "Enabled",
                "Disabled"
            ],
            "metadata": {
                "description": "Optional. You can connect to this registry either publicly, via public IP addresses, or privately, using a private endpoint. Private endpoint connection is only available for Premium SKU."
            }
        }
    },
    "resources": [
        {
            "type": "Microsoft.ContainerRegistry/registries",
            "apiVersion": "2017-10-01",
            "name": "[parameters('registryName')]",
            "location": "[parameters('registryLocation')]",
            "dependsOn": [],
            "sku": {
                "name": "[parameters('registrySku')]"
            },
            "properties": {
                "publicNetworkAccess": "[parameters('publicNetworkAccess')]",
                "adminUserEnabled": "[parameters('adminUserEnabled')]"
            }
        }
    ],
    "outputs": {}
}