{
    "$schema": "https://schema.management.azure.com/schemas/2019-04-01/deploymentParameters.json#",
    "contentVersion": "1.0.0.0",
    "parameters": {
        "workloadName": {
            "value": "frontendkw" 
        },
        "osType": {
            "value": "Linux"
        },
        "containerRegistryResourceId": {
            "value": "/subscriptions/aad861cc-eb75-42fd-9f9e-29f1aa3e1465/resourceGroups/rg-frontendkw-shared/providers/Microsoft.ContainerRegistry/registries/acrfrontendkwshared" // TODO: Fill in parameter value
        },
        "repositoryNameAndTag": {
            "value": "frontendkw:ft_init-202111150817-1" // TODO: Fill in parameter value
        },
        "numberCpuCores": {
            "value": 1
        },
        "memory": {
            "value": "1"
        },
        "restartPolicy": {
            "value": "Always"
        },
        "ipAddressType": {
            "value": "Public"
        },
        "ports": {
            "value": [
                {
                    "port": "80",
                    "protocol": "TCP"
                }
            ]
        },
        "environment": {
            "value": "dev" // TODO: Fill in parameter value
        }
    }
}